USE assaabloy;
INSERT INTO `CLIENTES` (`CIF`,`IBAN`,`NombreEmpresa`,`Direccion`,`Mail`,`Fax`)
VALUES
  ("52581704D","NL7348841255552956727150257X2","Pharetra PC","Ap #362-1833 Nec St.","lobortis@yahoo.org","0293053427"),
  ("03529867K","NQ6921145257514287483165639D8","Magnis Incorporated","584-5820 Curabitur St.","aliquam@outlook.com","0485918636"),
  ("27777548C","TI3868148823885537486553615I2","Dictum Magna Institute","474-853 Erat. Ave","a.neque@protonmail.ca","0794543433"),
  ("76268562V","RD0945548513368033754676216A9","Diam Vel Incorporated","7330 Parturient Rd.","pharetra.quisque.ac@aol.couk","0642729441"),
  ("12929412W","NV2943866158387677270668291E7","Velit Egestas Lacinia Foundation","771-4533 Quis St.","et@google.net","0657638793"),
  ("12327147J","MC1883428095549472031616857G2","Urna Ltd","Ap #760-8166 Dui, Avenue","sodales.purus.in@yahoo.ca","0961707309"),
  ("60638480M","WC4348386367323786614158464P8","Ut Sem Consulting","707-8737 Netus Av.","lacus@yahoo.edu","0679386581"),
  ("06914826V","RB8665004182752442139621839S8","Lorem Auctor Quis Associates","501-1287 Neque. Road","dictum@aol.com","0532124192"),
  ("81929324U","YB0781049432821334132441514U8","Eu Elit LLC","980 Arcu. Av.","tincidunt@icloud.edu","0524168007"),
  ("68644283H","HO9808634124519352627623579D4","Quis Turpis Vitae Company","Ap #252-1275 Tempus Ave","neque.venenatis@protonmail.ca","0879311810");
INSERT INTO `CLIENTES` (`CIF`,`IBAN`,`NombreEmpresa`,`Direccion`,`Mail`,`Fax`)
VALUES
  ("74673562I","FH1793678527783719032234353P4","Laoreet Libero Associates","Ap #588-8325 Mauris Rd.","gravida.non@protonmail.edu","0959371263"),
  ("55830688C","DD5257812330677157734591849S8","Nec Tempus Inc.","2589 Libero St.","id.erat.etiam@outlook.couk","0877339402"),
  ("03251377D","FH2431340126216605451610887O1","Magna PC","Ap #481-6734 Pretium Street","etiam.imperdiet@aol.edu","0733853832"),
  ("34436518O","RW0673653234834198888366759Q2","Donec Corporation","606-2361 Proin Road","pellentesque@google.com","0336526454"),
  ("35728962R","BQ4212628137334392053859880I0","Odio Phasellus Corp.","Ap #793-6434 Et, Road","per.conubia.nostra@icloud.org","0830606162"),
  ("82420678M","WW5875331433507111886585140F2","Scelerisque Dui Associates","385-5079 Natoque St.","nunc.mauris@protonmail.net","0475431666"),
  ("66518132C","OU6737874882689684861434484B5","Dui Quis Foundation","891-8414 Sed St.","euismod@protonmail.edu","0589260358"),
  ("80844048W","NT4128248878617135216555679P6","Donec At Arcu Institute","Ap #919-8848 Vel, Rd.","congue.turpis@protonmail.org","0881154442"),
  ("04657258X","CB7397252866656103166995233J2","Morbi Quis Corp.","Ap #188-5367 Orci Road","quis.lectus@google.net","0153931060"),
  ("61858476V","OK7806635684308815751907268U6","Enim Mi Foundation","Ap #723-5690 Ac Av.","enim.etiam@outlook.net","0337841867");
INSERT INTO `CLIENTES` (`CIF`,`IBAN`,`NombreEmpresa`,`Direccion`,`Mail`,`Fax`)
VALUES
  ("71784542X","FN4468733594234428432307472F5","Nunc Risus Varius Ltd","231-4127 Pellentesque Street","curabitur.massa@yahoo.com","0816380849"),
  ("28312262E","WF7433801365841263673676565Y7","Mauris Morbi Non Foundation","7375 Malesuada Rd.","enim.nisl.elementum@google.net","0673562087"),
  ("53960317T","KA7521180715246627801475164K3","Risus At Fringilla Institute","853-4514 Velit St.","elementum.dui.quis@google.edu","0661368934"),
  ("33444100A","GV2254350837822277584929444H7","Nisi A Odio PC","Ap #450-2473 Orci Ave","facilisis.vitae@aol.edu","0207662257"),
  ("94712338T","CL2123973904284185445195452O8","Justo Corp.","P.O. Box 233, 206 Enim Av.","nibh.donec.est@aol.ca","0696476976"),
  ("69612234R","OO3511463358212987857237861S4","Amet Consectetuer Adipiscing PC","257-4979 Vivamus St.","aenean.eget.metus@google.couk","0685552878"),
  ("71711328W","QA8277721229801052372613164R0","Magna Malesuada Vel Limited","Ap #706-6479 Facilisis Rd.","sapien.imperdiet@icloud.net","0938435146"),
  ("91601758N","XF3365634614229194774236678Q7","Blandit Viverra Consulting","5511 Erat Ave","tellus.eu@hotmail.edu","0811073366"),
  ("91297680V","NY8660232154972878678252588F8","Netus Et Malesuada Limited","518-5220 Mauris Street","suspendisse.aliquet.sem@google.couk","0770833440"),
  ("82691634I","RC2412215930112487788703777C6","Aliquam Nisl Nulla Limited","Ap #148-3489 Morbi Av.","in.faucibus@yahoo.org","0272404582");
INSERT INTO `CLIENTES` (`CIF`,`IBAN`,`NombreEmpresa`,`Direccion`,`Mail`,`Fax`)
VALUES
  ("36851758L","NG9653251056484838249245124B7","Magna Praesent Interdum Associates","P.O. Box 324, 7860 Pellentesque. Av.","proin@aol.net","0912825776"),
  ("78118076O","NL2295132739243071688224301U6","Justo Nec PC","207 Mauris Rd.","enim.condimentum@hotmail.net","0780298589"),
  ("55015685K","OL8568746781231388764012751U1","Purus Nullam Scelerisque Institute","Ap #825-136 Leo Rd.","massa@aol.net","0297878668"),
  ("43142235J","OQ2227521554596204462778384G8","Ipsum Curabitur Consequat Associates","639-5986 Semper St.","dis.parturient@protonmail.net","0681328519"),
  ("69202717L","XI6758649430638132852155378N7","Viverra Donec Tempus Corp.","4453 Vel, Road","ornare.lectus.ante@hotmail.couk","0766552664"),
  ("47459116S","CO6787880626946131628782408G9","Curabitur Ltd","P.O. Box 981, 2630 Risus Ave","tortor@outlook.com","0553355837"),
  ("20885279U","AE7144486787014646042633385X8","Id Nunc Institute","Ap #410-7753 Eu St.","a@aol.org","0502673866"),
  ("57626263S","CK6419486705494347961904195L6","Integer Eu Lacus Incorporated","4712 Diam. Road","et@google.net","0773637637"),
  ("37372249Y","PN6969975130137219279116081P4","Turpis Egestas Corporation","Ap #852-2692 Nulla. Rd.","congue.turpis.in@yahoo.net","0853183592"),
  ("81838163N","IL3567626627554541498784232W5","Nec Tempus Mauris Limited","928-8754 Quisque Av.","vitae.aliquam@outlook.edu","0622333531");
INSERT INTO `CLIENTES` (`CIF`,`IBAN`,`NombreEmpresa`,`Direccion`,`Mail`,`Fax`)
VALUES
  ("82755822Z","NM4118964601788759135157488E0","Pretium Neque Morbi Associates","Ap #911-6318 Risus. Av.","massa.suspendisse@protonmail.com","0964406378"),
  ("45634759L","KE9504553621397202451300679K3","Luctus Felis Purus Corp.","795-984 Scelerisque Ave","tincidunt@outlook.couk","0842894686"),
  ("38406793B","SR8462749980962546545111261U1","Sit Amet Corporation","886-9273 Quisque St.","accumsan@outlook.org","0350588862"),
  ("55304116F","WH5338824616733666245853200D8","Aliquam Erat Corp.","P.O. Box 480, 727 Ridiculus Road","ac.mi@outlook.edu","0573985512"),
  ("65478050H","ZS5670568264340964039674386Y6","Neque Morbi Inc.","Ap #609-5375 Eu Ave","orci@google.net","0516753315"),
  ("88462374N","VQ6717375930667823125392125L7","Nec Imperdiet Nec Corporation","576-7976 Neque Avenue","sem@aol.com","0573241534"),
  ("34254324R","MM2741060711782222334165921C7","Donec Ltd","131-8353 Nascetur Ave","iaculis@aol.edu","0568133105"),
  ("30809813N","KJ3626533260472063574876497W4","Posuere Inc.","P.O. Box 324, 3607 Erat. Road","tellus.phasellus@hotmail.com","0586386526"),
  ("77362538X","QM5244571272459373563088783T4","Risus In Limited","Ap #925-1002 Molestie St.","proin.vel.nisl@hotmail.ca","0768951862"),
  ("26982251I","KO8638144714862398845274363D1","Integer Vulputate Industries","Ap #777-8054 Et Avenue","ipsum.leo@outlook.net","0225494523");
INSERT INTO `CLIENTES` (`CIF`,`IBAN`,`NombreEmpresa`,`Direccion`,`Mail`,`Fax`)
VALUES
  ("33664388M","QP6835186956670474233465760Z2","Lacus Quisque Corp.","8638 Ridiculus Ave","non.vestibulum@google.couk","0647661466"),
  ("01838359Z","IB1452856180374810871496477M3","Nascetur Ridiculus Foundation","P.O. Box 150, 4339 Fusce Ave","justo.eu@protonmail.com","0636745500"),
  ("17887511U","VT5837665163110631687444612V2","Morbi Neque Inc.","7160 Mauris Rd.","vitae@yahoo.couk","0846456566"),
  ("92871468H","GJ0726142075438491318261674U1","Dolor Nonummy Corporation","4449 Cursus Rd.","risus.in@icloud.couk","0712526275"),
  ("83125255N","MT7066175670591998254823294W9","Dolor Tempus Inc.","742-4832 Cubilia Rd.","elit.pede@hotmail.org","0507156705"),
  ("50615330O","TG0032942402339483412282366Q6","Ultrices Posuere Corporation","1682 Proin Rd.","convallis.ligula.donec@icloud.couk","0206133524"),
  ("98518607D","JK2048768527818721573669283U8","A Arcu Foundation","Ap #204-3122 Ut Road","facilisis.facilisis.magna@aol.org","0498988565"),
  ("17820671M","LO5747512645518339335704438Q9","Id Nunc Foundation","902-9213 Vel, St.","eget.ipsum.suspendisse@aol.couk","0297277336"),
  ("87996772K","GB1772552411072232267128516J1","Et Netus Industries","351-1842 Sem Street","lorem.ipsum@google.net","0748835646"),
  ("63851883T","FR4862311036107546747294388T6","Turpis LLC","7297 Lacinia. Rd.","nullam.enim@google.com","0534949134");
INSERT INTO `CLIENTES` (`CIF`,`IBAN`,`NombreEmpresa`,`Direccion`,`Mail`,`Fax`)
VALUES
  ("12622147D","PN0291134145415517840202784M5","Eu Tellus Corp.","Ap #793-6108 Donec Rd.","massa.rutrum@aol.net","0384299701"),
  ("84337728B","QW0165003553460528613221364B2","Nonummy Ultricies Corporation","Ap #635-2158 Turpis. Road","mauris.eu@google.net","0552015433"),
  ("21673311X","AR5774350656859146857688027L1","Dolor Nulla Institute","7601 Magna. Ave","convallis.erat.eget@icloud.edu","0855535736"),
  ("03884725C","ND7316711415307697437583410R6","Eu Tempor Erat Corporation","Ap #527-4942 Gravida Avenue","neque.morbi@aol.couk","0577521576"),
  ("08181466C","QR7722153411110853053989301X2","Dapibus Ltd","634-8084 Ut Street","nunc.commodo@outlook.couk","0476912327"),
  ("54400418H","YM1856117566972275055883152R5","Id Libero Donec PC","Ap #622-5716 Dapibus Ave","donec.tempus@yahoo.com","0487468998"),
  ("64223119H","UF0252858765455717361577345A1","Vitae Aliquam LLC","2072 Nibh Rd.","curabitur@protonmail.couk","0674384801"),
  ("05037574L","CJ1978727512285521162229533I3","Ligula Nullam Ltd","194-7365 Rhoncus Av.","egestas.blandit@yahoo.org","0536654514"),
  ("09437303W","SI3935036315612064335637633E6","Erat Consulting","P.O. Box 476, 1789 Enim St.","sem.vitae@outlook.couk","0894142564"),
  ("37545127R","KH8356778178329746059665438T5","Cursus In Foundation","Ap #121-3510 Magnis Road","placerat.eget@hotmail.net","0425335162");
INSERT INTO `CLIENTES` (`CIF`,`IBAN`,`NombreEmpresa`,`Direccion`,`Mail`,`Fax`)
VALUES
  ("02746251P","VT4913211969421488535473705S5","Curae Phasellus Limited","P.O. Box 226, 1581 Id St.","pellentesque.ut@protonmail.edu","0382627499"),
  ("69118748P","IN6797578119143711790732705C5","Lorem Ipsum Dolor PC","215-6058 Nulla Rd.","orci@yahoo.couk","0170015458"),
  ("80777191I","NW1165871445867339105276161T7","Auctor Quis Tristique Limited","482-3787 Etiam Avenue","commodo.at@yahoo.couk","0987542958"),
  ("04696361U","BH5122733417712415788522653N3","Vitae PC","Ap #689-4578 Ut, Rd.","dictum.eleifend.nunc@hotmail.ca","0664554744"),
  ("23527131S","UX1276876681353227450056152R2","In Felis LLP","P.O. Box 667, 1118 At St.","tellus.eu@outlook.org","0570433823"),
  ("70445751B","XB9241142386578352768918863G8","Imperdiet Consulting","5756 Vitae Rd.","donec@icloud.com","0305882954"),
  ("34325839T","WY2360162710353201985666415D7","Nullam Foundation","211-1207 Nunc Rd.","nec.quam.curabitur@aol.couk","0695833123"),
  ("44518615L","BC4454136411501617563163448A8","Enim Sed Foundation","Ap #883-5060 Semper Avenue","sagittis.placerat@protonmail.org","0125454937"),
  ("77289694H","MB4258589075716631027069226B6","Arcu Sed Et Corp.","Ap #227-9178 Eget Ave","eget.tincidunt@protonmail.ca","0318130723"),
  ("84103674D","NP3562915517564453339112543M4","Ridiculus Company","Ap #702-6478 Laoreet Street","libero.integer@outlook.ca","0486835245");
INSERT INTO `CLIENTES` (`CIF`,`IBAN`,`NombreEmpresa`,`Direccion`,`Mail`,`Fax`)
VALUES
  ("24677753I","JF2757570675482474547383368A4","Et Magnis Associates","2797 Tempus Street","vitae.erat@google.ca","0614388735"),
  ("59006155G","SS6927587726766178016594138X1","Nulla Semper Inc.","545-5618 Malesuada St.","luctus.et@icloud.org","0930061431"),
  ("16853248V","XZ5470502444035877449616435G6","Velit Dui Corp.","Ap #596-8513 Vitae St.","semper.pretium.neque@outlook.ca","0237573299"),
  ("36528805D","TQ8447323534537134424207417C3","Vestibulum Neque Company","P.O. Box 367, 1659 Ut Av.","cursus@protonmail.ca","0813572203"),
  ("92281222Q","YO4937145765454892855271685P7","Semper Dui Incorporated","979-8468 Nibh. St.","lorem@hotmail.edu","0947177475"),
  ("27430713G","GS2833727451697374662074112H1","Aliquet Magna Associates","819-8507 Sit Street","aliquet@hotmail.net","0845015714"),
  ("67252147D","NT0723771278121844672324177Y5","Eget Lacus Mauris Ltd","P.O. Box 910, 6583 Enim St.","pede.ac@outlook.ca","0222898455"),
  ("18804563V","IX2044785782482546808151453C6","Fermentum Metus Aenean LLP","816-1310 Risus, Rd.","adipiscing.elit@icloud.net","0714453340"),
  ("43832784C","II3664933312263769930918782W9","Erat Vivamus LLP","Ap #768-4584 Ligula. St.","quisque@outlook.net","0288573442"),
  ("86426821O","TI4486637846398785147371303G4","Interdum Sed Incorporated","P.O. Box 896, 608 Egestas. Street","sodales.mauris@icloud.org","0818515678");
INSERT INTO `CLIENTES` (`CIF`,`IBAN`,`NombreEmpresa`,`Direccion`,`Mail`,`Fax`)
VALUES
  ("91616001H","AD6415348358313053137653198Y2","Nunc Industries","9274 Tempor Avenue","id.sapien@hotmail.net","0284345002"),
  ("09322557U","II4678181776297769245820323T6","Arcu Vestibulum Ante Company","281-6395 Et Avenue","ac.mattis.semper@hotmail.com","0689951155"),
  ("14354714E","ZL8331202555414837062518802R5","Aliquet Sem LLC","P.O. Box 277, 5135 Augue. Ave","porta.elit.a@hotmail.com","0501266463"),
  ("21481758I","AK3886374048111789713817372R2","At Fringilla Purus Ltd","154-9163 Sem Road","varius@hotmail.ca","0240158564"),
  ("35852283X","QN4665432718120572162769099K6","Maecenas Iaculis Corp.","Ap #925-2280 Aliquet Rd.","tristique@hotmail.ca","0450170611"),
  ("76550811M","VH3551206290191435256780755N8","Et LLC","689 Nascetur Av.","dapibus@icloud.org","0458981867"),
  ("51546543H","AN8880519897628753519674417G9","Dis Parturient Limited","P.O. Box 721, 9083 Suspendisse Rd.","ullamcorper.nisl@hotmail.couk","0342794669"),
  ("75337020T","GB6513126944636562498773891E2","Consectetuer Euismod Limited","825-1557 Molestie Rd.","tellus@outlook.couk","0386315584"),
  ("26153712Q","JW9734175269966558639806656C5","Aliquam Erat Limited","Ap #441-3857 Pretium Rd.","felis@hotmail.couk","0887687056"),
  ("86631387U","QW4875784204608734259563451X7","Vestibulum Ante Ipsum Limited","Ap #633-5868 Egestas. Ave","diam.sed.diam@hotmail.net","0626471117");
INSERT INTO `PUERTAS` (`NUMEROSERIE`,`IDCLIENTE`,`Puerta`,`FECHAADQUISICION`,`Color`,`Dimensiona`,`EsMotorizada`)
VALUES
  ("PbF3W85fRl",1,"MEGADOOR","2021-06-28","f2716f",20,1),
  ("XhB5O83fNg",2,"ARTICULADA","2020-06-26","66960d",23.56,1),
  ("MkP3J72zLu",3,"BATIENTE","2015-05-01","12ea2f",27.12,1),
  ("BgG9R16cQp",4,"RAPIDA","2019-01-09","4c9bef",30.68,1),
  ("TsT3M83cLc",5,"BATIENTE","2014-10-30","d84c45",34.24,0),
  ("EeL7Y41hXm",6,"CORREDERA","2015-12-01","14a83b",37.8,1),
  ("ZsF1F75xCm",7,"RAPIDA","2021-09-04","2103a5",41.36,1),
  ("BiB1H82sMy",8,"ARTICULADA","2019-10-13","8470e0",44.92,0),
  ("KtE1U52lMb",9,"BATIENTE","2016-08-22","4fd187",48.48,0),
  ("FxM4X66hIs",10,"CORREDERA","2015-01-20","ab8dd6",52.04,1);
INSERT INTO `PUERTAS` (`NUMEROSERIE`,`IDCLIENTE`,`Puerta`,`FECHAADQUISICION`,`Color`,`Dimensiona`,`EsMotorizada`)
VALUES
  ("KcM1F61hFy",11,"BASCULADA","2017-04-21","f450dc",55.6,1),
  ("BjH8D67tBj",12,"CORREDERA","2020-02-13","770cce",59.16,0),
  ("IiQ8G41jAf",13,"MEGADOOR","2021-07-06","dd4fae",62.72,0),
  ("AyC0I69rRm",14,"BASCULADA","2016-04-04","e838f4",66.28,0),
  ("ThJ6F43iKj",15,"MEGADOOR","2021-06-26","4ff278",69.84,0),
  ("SdX3B60aFl",16,"CORREDERA","2017-02-10","c7f25c",73.4,1),
  ("YwS5L45vUd",17,"ARTICULADA","2020-11-17","4c0a7f",76.96,0),
  ("VuQ4C62uOt",18,"ARTICULADA","2015-01-24","93ffa7",80.52,0),
  ("FaT4I78qNu",19,"CORREDERA","2015-08-08","c30fff",84.08,0),
  ("ObF3T58qMd",20,"RAPIDA","2016-07-22","67ea46",87.64,0);
INSERT INTO `PUERTAS` (`NUMEROSERIE`,`IDCLIENTE`,`Puerta`,`FECHAADQUISICION`,`Color`,`Dimensiona`,`EsMotorizada`)
VALUES
  ("AgX5J74pKz",21,"MEGADOOR","2019-04-06","f2ca74",91.2,0),
  ("GrI3D57mCm",22,"MEGADOOR","2020-01-24","e5a052",94.76,1),
  ("KuK4Y26fGm",23,"RAPIDA","2019-04-07","63a4d3",98.32,0),
  ("IdD0S27yPu",24,"ARTICULADA","2016-10-20","57d6b2",101.88,0),
  ("EvS7G32gRs",25,"ARTICULADA","2017-11-07","8eede9",105.44,0),
  ("NiH3P27iYz",26,"ARTICULADA","2014-03-22","2d1da5",109,1),
  ("PgN4P29bHy",27,"BATIENTE","2014-11-21","6883f2",112.56,1),
  ("EtG5P13dCa",28,"BATIENTE","2019-08-12","6cfcaa",116.12,1),
  ("BfY4G73nYi",29,"ARTICULADA","2021-06-15","ef159c",119.68,1),
  ("BsB5E68lQy",30,"ARTICULADA","2017-12-15","275aa5",123.24,0);
INSERT INTO `PUERTAS` (`NUMEROSERIE`,`IDCLIENTE`,`Puerta`,`FECHAADQUISICION`,`Color`,`Dimensiona`,`EsMotorizada`)
VALUES
  ("VsV6V42oVn",31,"BATIENTE","2015-04-06","adef99",126.8,1),
  ("KmO4Y72uYc",32,"ARTICULADA","2019-06-04","bf93f2",130.36,1),
  ("MzD2M88nRg",33,"MEGADOOR","2020-09-15","83efc9",133.92,1),
  ("KrJ6D74vWk",34,"ARTICULADA","2018-11-04","fcdec7",137.48,0),
  ("MgH3G33vQp",35,"BATIENTE","2014-05-21","dd9b44",141.04,0),
  ("EcO7B49mVe",36,"CORREDERA","2017-02-17","64fc76",144.6,0),
  ("JcR1M35wQq",37,"MEGADOOR","2019-09-12","fc94d9",148.16,1),
  ("EeO5R28sGw",38,"MEGADOOR","2015-10-30","13963d",151.72,0),
  ("KoJ6D19wBn",39,"MEGADOOR","2014-08-24","c7ea6e",155.28,1),
  ("TrR4B18qFl",40,"ARTICULADA","2015-04-03","96fff8",158.84,1);
INSERT INTO `PUERTAS` (`NUMEROSERIE`,`IDCLIENTE`,`Puerta`,`FECHAADQUISICION`,`Color`,`Dimensiona`,`EsMotorizada`)
VALUES
  ("VgU1V76kLu",41,"BATIENTE","2019-08-14","6046bf",162.4,1),
  ("WkE3L66dRo",42,"CORREDERA","2015-07-23","839cd3",165.96,1),
  ("MoC6E71vEa",43,"CORREDERA","2020-07-31","ebb2ff",169.52,0),
  ("PuE8Y76mVm",44,"CORREDERA","2019-04-13","d136ac",173.08,0),
  ("GbL1J18mIw",45,"BATIENTE","2017-11-27","6add4d",176.64,1),
  ("TgQ8D83sXf",46,"BATIENTE","2020-10-21","77efb1",180.2,0),
  ("OnP0M22sCp",47,"BATIENTE","2014-05-18","8cf2ba",183.76,1),
  ("SiF5F35dEg",48,"CORREDERA","2021-12-13","fc5d6f",187.32,1),
  ("LvO5X70dNe",49,"ARTICULADA","2017-09-03","73ddda",190.88,1),
  ("EnG7D71oDu",50,"BATIENTE","2020-05-07","f469e6",194.44,0);
INSERT INTO `PUERTAS` (`NUMEROSERIE`,`IDCLIENTE`,`Puerta`,`FECHAADQUISICION`,`Color`,`Dimensiona`,`EsMotorizada`)
VALUES
  ("TrL0W48qMw",51,"MEGADOOR","2015-12-13","17aa14",198,0),
  ("GdC3K35oUn",52,"ARTICULADA","2015-06-07","aaea72",201.56,1),
  ("AwD1M46yPd",53,"CORREDERA","2017-11-22","1e7899",205.12,1),
  ("HuZ4F47oCu",54,"RAPIDA","2016-08-13","e2d622",208.68,0),
  ("PdV0Y72kVi",55,"MEGADOOR","2021-02-24","ef1cbe",212.24,1),
  ("NiO1S53pGq",56,"ARTICULADA","2018-01-15","dd7ecf",215.8,1),
  ("KyW1G27yRx",57,"MEGADOOR","2016-07-19","f458ae",219.36,0),
  ("BvS4J48oEa",58,"MEGADOOR","2016-03-18","b974f2",222.92,1),
  ("QrA4E84oKr",59,"RAPIDA","2014-10-16","fcbb5a",226.48,1),
  ("GhG1E32mXk",60,"MEGADOOR","2020-08-17","d0f291",230.04,1);
INSERT INTO `PUERTAS` (`NUMEROSERIE`,`IDCLIENTE`,`Puerta`,`FECHAADQUISICION`,`Color`,`Dimensiona`,`EsMotorizada`)
VALUES
  ("KmZ5P28oPg",61,"ARTICULADA","2020-12-10","2ca1a5",233.6,1),
  ("GrD0F72vXd",62,"ARTICULADA","2021-01-17","9ec4ef",237.16,0),
  ("IhD5S69xEx",63,"MEGADOOR","2017-12-29","dd4d0f",240.72,0),
  ("SrB6D79iGg",64,"ARTICULADA","2017-06-05","03287c",244.28,0),
  ("PeM7R26pQx",65,"CORREDERA","2015-08-15","d31581",247.84,1),
  ("LkP9M44dPu",66,"ARTICULADA","2017-05-09","c9c9ff",251.4,0),
  ("MkO2P45sWu",67,"MEGADOOR","2014-02-09","edb534",254.96,0),
  ("YtW1T65bDn",68,"BATIENTE","2014-07-11","c1a0ff",258.52,1),
  ("OmP8R18yPb",69,"BATIENTE","2018-06-23","8948ce",262.08,0),
  ("FeR8V24mCl",70,"RAPIDA","2021-09-05","e06602",265.64,1);
INSERT INTO `PUERTAS` (`NUMEROSERIE`,`IDCLIENTE`,`Puerta`,`FECHAADQUISICION`,`Color`,`Dimensiona`,`EsMotorizada`)
VALUES
  ("UnE6U43pNg",71,"BATIENTE","2019-07-04","b5ed87",269.25,1),
  ("ClA6F67uWm",72,"BATIENTE","2014-05-12","149159",272.76,0),
  ("HoD3E64vTp",73,"ARTICULADA","2016-11-14","d87841",276.32,0),
  ("QlI2C75nDv",74,"BATIENTE","2019-04-23","f48bca",279.88,0),
  ("XsQ2H30sPk",75,"MEGADOOR","2017-04-03","a3a3e2",283.44,0),
  ("GoO6L83iCi",76,"CORREDERA","2014-07-15","8fd328",287,0),
  ("MoE1S74rQq",77,"MEGADOOR","2017-05-02","5c4ab5",290.56,1),
  ("OrU8X57pKt",78,"CORREDERA","2021-01-24","6783ea",294.12,1),
  ("HjI1G64eZx",79,"BASCULADA","2016-03-15","b04cdb",297.68,1),
  ("BhX2F21nIu",80,"CORREDERA","2019-04-24","099669",301.24,0);
INSERT INTO `PUERTAS` (`NUMEROSERIE`,`IDCLIENTE`,`Puerta`,`FECHAADQUISICION`,`Color`,`Dimensiona`,`EsMotorizada`)
VALUES
  ("YsF6M67rKh",81,"RAPIDA","2021-10-06","15c190",304.8,1),
  ("WiC9O47vWj",82,"ARTICULADA","2016-11-09","c40928",308.36,1),
  ("HlO7I45qRv",83,"CORREDERA","2018-05-23","2edb30",311.92,1),
  ("DuI2Q60xBi",84,"RAPIDA","2014-12-29","a8a8f7",315.48,0),
  ("TlE8L58lPg",85,"MEGADOOR","2016-09-25","4866bf",319.04,0),
  ("AvP1X75cAq",86,"MEGADOOR","2014-01-27","f4e781",322.6,0),
  ("YhD4Q95cKs",87,"ARTICULADA","2021-10-12","e0749d",326.16,0),
  ("PfW3O57wRu",88,"MEGADOOR","2014-03-15","ffa5fa",329.72,0),
  ("HdO2R24vCj",89,"BASCULADA","2021-03-07","33ccad",333.28,0),
  ("OsQ1M91gLm",90,"ARTICULADA","2017-03-02","31b527",336.84,0);
INSERT INTO `PUERTAS` (`NUMEROSERIE`,`IDCLIENTE`,`Puerta`,`FECHAADQUISICION`,`Color`,`Dimensiona`,`EsMotorizada`)
VALUES
  ("BgI6L21cUw",91,"ARTICULADA","2016-06-03","bdb8fc",340.4,0),
  ("DfJ7D62eTr",92,"BASCULADA","2019-01-24","94f207",343.96,1),
  ("EpM9U45sHn",93,"ARTICULADA","2019-12-09","f79d65",347.52,0),
  ("XwR4C43dZb",94,"CORREDERA","2014-07-22","93f2eb",351.08,0),
  ("BnE8R53jGo",95,"BATIENTE","2018-06-08","5bd845",354.64,1),
  ("VjR9H84fVm",96,"CORREDERA","2021-06-21","c902c9",358.2,0),
  ("DfJ1T46bGk",97,"ARTICULADA","2015-11-15","95d127",361.76,0),
  ("RjY2U32rKp",98,"CORREDERA","2021-02-01","9cb513",365.32,0),
  ("QqO3H68dFy",99,"BATIENTE","2019-08-01","0626dd",368.88,1),
  ("UwY2Y70kTr",100,"ARTICULADA","2016-10-25","ffb19b",372.44,0);
INSERT INTO `PROVEEDORES` (`NOMBRE`,`MAIL`,`FAX`,`DIRECCION`)
VALUES
  ("Nunc Est Associates","a@protonmail.couk",NULL,"851-6217 Ultricies Rd."),
  ("At Arcu Consulting","natoque.penatibus@yahoo.net",NULL,"9017 Enim. St."),
  ("Proin Ultrices Limited","in.tincidunt.congue@hotmail.edu",NULL,"Ap #152-6088 Semper, Rd."),
  ("Natoque Penatibus Corporation","vulputate.posuere@outlook.org",NULL,"Ap #909-8789 Integer Avenue"),
  ("Mi Aliquam Company","arcu.iaculis@google.net",NULL,"P.O. Box 317, 5629 Lacus. St."),
  ("In Tempus Eu LLC","eu@icloud.net",NULL,"2931 Lobortis Ave"),
  ("Suspendisse Aliquet Corp.","nullam.lobortis@aol.org",NULL,"Ap #645-3755 Euismod Street"),
  ("Integer Inc.","felis.eget@google.ca",NULL,"3825 Convallis, Avenue"),
  ("Posuere At PC","congue@yahoo.org",NULL,"P.O. Box 127, 8085 Vivamus Ave"),
  ("Ipsum Leo Industries","sit.amet.luctus@google.org",NULL,"Ap #282-7564 Integer St.");
INSERT INTO `PROVEEDORES` (`NOMBRE`,`MAIL`,`FAX`,`DIRECCION`)
VALUES
  ("Est Ltd","dui.semper@aol.com",NULL,"Ap #641-9182 Ultricies Rd."),
  ("Praesent Luctus Curabitur Corporation","ut.tincidunt@yahoo.couk",NULL,"Ap #267-7838 Adipiscing Av."),
  ("Dictum LLP","blandit@google.edu",NULL,"873-8111 Lacinia St."),
  ("Sed Libero LLP","sed@google.net",NULL,"110-7551 Mauris. Rd."),
  ("Lorem Eu Industries","ridiculus.mus.aenean@protonmail.ca",NULL,"749-6451 Libero. Street"),
  ("Dolor Dolor Corporation","auctor.ullamcorper@yahoo.couk",NULL,"P.O. Box 658, 7909 Felis. St."),
  ("Velit Justo Nec Associates","euismod.est@aol.ca",NULL,"Ap #335-4883 Diam. Rd."),
  ("Euismod Et Limited","blandit.enim@hotmail.com",NULL,"P.O. Box 892, 1507 Nunc Av."),
  ("Nulla Incorporated","diam.vel@aol.net",NULL,"778-4214 Fermentum Rd."),
  ("Dis Parturient LLC","proin@protonmail.ca",NULL,"2237 Luctus St.");
INSERT INTO `PROVEEDORES` (`NOMBRE`,`MAIL`,`FAX`,`DIRECCION`)
VALUES
  ("Amet PC","velit.dui@yahoo.com",NULL,"9926 Ut Rd."),
  ("Auctor Velit LLP","non.magna@aol.com",NULL,"519-7424 Aliquet Avenue"),
  ("Diam Vel Arcu Corporation","integer.aliquam.adipiscing@icloud.org",NULL,"Ap #852-9545 Egestas Rd."),
  ("Eleifend LLC","elementum@google.org",NULL,"738-2324 Urna Ave"),
  ("Arcu Eu Company","sem@outlook.org",NULL,"467-1442 Nunc, St."),
  ("Ac Feugiat Corp.","ullamcorper.nisl@yahoo.edu",NULL,"Ap #788-9050 Eu Av."),
  ("Pharetra Nam Incorporated","sed.libero@aol.org",NULL,"463-1333 Vel, St."),
  ("Urna Nunc Ltd","imperdiet.erat.nonummy@outlook.com",NULL,"989-2559 Montes, Ave"),
  ("Nec Tempus Corporation","vitae.diam@outlook.net",NULL,"Ap #942-4329 Convallis St."),
  ("Morbi Non Institute","risus.morbi@aol.org",NULL,"Ap #565-7586 Cursus St.");
INSERT INTO `PROVEEDORES` (`NOMBRE`,`MAIL`,`FAX`,`DIRECCION`)
VALUES
  ("Bibendum Donec Felis Foundation","vestibulum.ante@yahoo.org",NULL,"4323 At, Avenue"),
  ("Enim Sit Amet Inc.","in@google.com",NULL,"Ap #560-1679 Lectus. St."),
  ("Ut Pharetra Foundation","tempor.augue.ac@yahoo.edu",NULL,"Ap #293-1329 Non, Rd."),
  ("Id Nunc LLP","adipiscing.ligula@google.com",NULL,"Ap #789-9496 Eu, St."),
  ("Ornare Sagittis Associates","integer@aol.couk",NULL,"7664 Sapien Ave"),
  ("Nisi PC","phasellus.nulla@protonmail.com",NULL,"Ap #416-8591 Eu Ave"),
  ("Lectus Justo Incorporated","taciti.sociosqu@protonmail.net",NULL,"Ap #433-8671 Dictum. Street"),
  ("A LLC","morbi.tristique.senectus@hotmail.couk",NULL,"8231 Mattis. Av."),
  ("Montes Nascetur LLC","et.magnis@google.net",NULL,"511-3962 Dolor. Street"),
  ("Vitae Semper Egestas Incorporated","nulla.vulputate.dui@hotmail.ca",NULL,"P.O. Box 422, 3454 Tincidunt Street");
INSERT INTO `PROVEEDORES` (`NOMBRE`,`MAIL`,`FAX`,`DIRECCION`)
VALUES
  ("Neque Tellus Associates","eu@protonmail.org",NULL,"553-123 Et Avenue"),
  ("Ante Dictum Mi Industries","fusce.fermentum@google.edu",NULL,"P.O. Box 183, 7936 Aliquam St."),
  ("Et Nunc Inc.","mauris@google.com",NULL,"Ap #245-8647 Conubia Avenue"),
  ("Sed PC","non.arcu@aol.ca",NULL,"100-4165 Eu Av."),
  ("Facilisis Lorem Tristique Inc.","turpis@google.edu",NULL,"Ap #311-2512 Non Ave"),
  ("Vehicula Et Corporation","natoque.penatibus@yahoo.edu",NULL,"896-5261 Primis Road"),
  ("Molestie Tellus Aenean Institute","eget.metus@google.com",NULL,"111-8696 Mollis Rd."),
  ("Iaculis Quis Pede Corp.","orci@yahoo.couk",NULL,"264-7756 Phasellus Av."),
  ("Dolor Elit Pellentesque Inc.","magna.a@yahoo.edu",NULL,"7706 Vivamus Avenue"),
  ("Eu Neque Corp.","non.lorem@icloud.ca",NULL,"P.O. Box 985, 7072 Euismod Rd.");
INSERT INTO `PROVEEDORES` (`NOMBRE`,`MAIL`,`FAX`,`DIRECCION`)
VALUES
  ("Velit Corp.","eget.magna@google.ca",NULL,"607-2522 Nisi St."),
  ("Egestas Hendrerit LLC","vitae@yahoo.edu",NULL,"Ap #355-8761 Duis Ave"),
  ("Bibendum Sed Est LLC","vitae@aol.couk",NULL,"5541 Aenean St."),
  ("Erat Vitae Risus Associates","porttitor.eros@aol.couk",NULL,"Ap #816-4360 Eu, Av."),
  ("Tempor Corp.","enim@outlook.couk",NULL,"Ap #982-1398 Risus Avenue"),
  ("Nec Malesuada PC","velit.dui@aol.org",NULL,"6822 Magna St."),
  ("Ultrices Duis Volutpat LLP","commodo.auctor@yahoo.org",NULL,"897 Aliquet Ave"),
  ("Est Nunc Ltd","in.nec@outlook.net",NULL,"P.O. Box 981, 5438 Tempus Street"),
  ("Sed Corporation","faucibus@aol.net",NULL,"9816 Nec, Ave"),
  ("Eget Lacus Corp.","gravida.sit.amet@protonmail.net",NULL,"460-367 Ullamcorper, Avenue");
INSERT INTO `PROVEEDORES` (`NOMBRE`,`MAIL`,`FAX`,`DIRECCION`)
VALUES
  ("Ligula Elit Pretium Associates","dictum.proin@outlook.edu",NULL,"8784 Augue St."),
  ("Felis Ullamcorper Inc.","tristique.aliquet@yahoo.org",NULL,"682-9238 Erat. Rd."),
  ("Nulla Integer Inc.","et.ipsum@protonmail.org",NULL,"Ap #839-1993 Cubilia St."),
  ("Id Mollis LLC","nulla.donec@yahoo.edu",NULL,"P.O. Box 598, 5522 Montes, Rd."),
  ("Eget Ipsum Limited","dignissim@icloud.com",NULL,"178-9827 Ligula. Rd."),
  ("Nec Ante Blandit LLP","pharetra.nam.ac@hotmail.ca",NULL,"Ap #361-5419 Suspendisse Rd."),
  ("Ultrices Posuere PC","urna.et@hotmail.com",NULL,"7532 Cursus Street"),
  ("Suspendisse Ac Metus Foundation","mollis@aol.net",NULL,"Ap #358-4432 Aliquet St."),
  ("Id Nunc PC","sit.amet.consectetuer@aol.ca",NULL,"P.O. Box 887, 7772 Sapien Ave"),
  ("Orci Lacus PC","nec.cursus@hotmail.couk",NULL,"P.O. Box 793, 2983 Ullamcorper St.");
INSERT INTO `PROVEEDORES` (`NOMBRE`,`MAIL`,`FAX`,`DIRECCION`)
VALUES
  ("Metus In Foundation","donec@icloud.edu",NULL,"Ap #804-1924 Enim. St."),
  ("Quisque Ltd","cursus.non@protonmail.couk",NULL,"223-2984 Aliquet. Av."),
  ("Diam Luctus Institute","risus.donec@yahoo.edu",NULL,"P.O. Box 443, 6133 In Rd."),
  ("Vestibulum Nec Institute","non.cursus@icloud.com",NULL,"997-8713 Vivamus Av."),
  ("Cras Sed Leo Limited","nam.ligula.elit@icloud.net",NULL,"6910 Sem. Ave"),
  ("Metus Foundation","vestibulum.accumsan@icloud.edu",NULL,"Ap #522-7021 Tempor St."),
  ("Nec Tempus Company","in.faucibus@hotmail.org",NULL,"P.O. Box 168, 3931 Urna Av."),
  ("Lorem Ipsum Foundation","vitae.semper@aol.net",NULL,"Ap #128-2647 Quis, Road"),
  ("Proin Corp.","libero.est.congue@aol.org",NULL,"P.O. Box 263, 4513 Neque Rd."),
  ("Augue Scelerisque Mollis Company","tincidunt@google.com",NULL,"777-9646 Non Road");
INSERT INTO `PROVEEDORES` (`NOMBRE`,`MAIL`,`FAX`,`DIRECCION`)
VALUES
  ("Cursus A Limited","ornare.egestas.ligula@hotmail.net",NULL,"634 Egestas. Road"),
  ("Mi Eleifend Egestas Inc.","dictum@hotmail.net",NULL,"Ap #329-5912 Quis Rd."),
  ("Venenatis Vel Faucibus Incorporated","placerat.orci@icloud.couk",NULL,"3734 Arcu Av."),
  ("Rutrum Non Corp.","neque.tellus@protonmail.org",NULL,"936-4100 Pellentesque St."),
  ("Amet Dapibus Inc.","felis.ullamcorper@icloud.ca",NULL,"854-1721 Est Avenue"),
  ("Massa Foundation","nunc.nulla@outlook.net",NULL,"387-1802 Cras Rd."),
  ("Imperdiet Dictum Associates","ipsum.primis.in@google.couk",NULL,"P.O. Box 445, 9001 Elementum St."),
  ("Phasellus Nulla PC","mi.felis@yahoo.edu",NULL,"993-7177 Cursus St."),
  ("A Foundation","vitae.sodales@aol.couk",NULL,"8273 Aliquam, Avenue"),
  ("Bibendum Donec Felis Corporation","lorem.ipsum@protonmail.ca",NULL,"Ap #797-2782 Lacinia Rd.");
INSERT INTO `PROVEEDORES` (`NOMBRE`,`MAIL`,`FAX`,`DIRECCION`)
VALUES
  ("Amet Ante Vivamus Industries","semper.egestas.urna@hotmail.ca",NULL,"6691 Lectus Rd."),
  ("Nibh Corporation","metus.aliquam.erat@outlook.com",NULL,"Ap #637-3621 Est Rd."),
  ("Vivamus Euismod Corp.","nibh@google.couk",NULL,"563-1034 Tincidunt Rd."),
  ("Venenatis A Ltd","arcu.vestibulum.ut@outlook.net","0736549806","Ap #485-6808 Augue. Rd."),
  ("Pede Cras Associates","proin@icloud.edu",NULL,"P.O. Box 592, 9770 Aenean Rd."),
  ("Enim Sit Corp.","ridiculus.mus@google.net",NULL,"236-9514 Tristique Avenue"),
  ("Enim Associates","pellentesque.tellus@outlook.net",NULL,"Ap #692-1901 Gravida St."),
  ("Enim Consequat PC","at.egestas@hotmail.ca",NULL,"Ap #172-7556 Nulla Rd."),
  ("Elit Elit Foundation","curae.phasellus.ornare@protonmail.ca",NULL,"3225 Dictum Av."),
  ("Mauris Blandit Mattis Ltd","mollis@hotmail.ca","0482515649","Ap #226-9489 Sem St.");
  INSERT INTO `MATERIALES` (`IDPROVEEDOR`,`TIPO`,`PRECIOUNITARIO`,`TAMANIO`,`STOCK`)
VALUES
  (1,"TORNILLO-20P",56.5,999.9,73),
  (2,"MIRILLA",49.5,99.4,64),
  (3,"MIRILLA",83.5,77.4,89),
  (4,"CRISTAL-TEMPLADO",11.5,58.4,12),
  (5,"MIRILLA",35.5,70.4,17),
  (6,"MIRILLA",96.5,86.4,33),
  (7,"CRISTAL-TEMPLADO",62.5,58.4,72),
  (8,"MIRILLA",45.5,88.4,33),
  (9,"ARANDELA-REDONDAS",35.5,30.4,65),
  (10,"MIRILLA",13.5,61.4,54);
INSERT INTO `MATERIALES` (`IDPROVEEDOR`,`TIPO`,`PRECIOUNITARIO`,`TAMANIO`,`STOCK`)
VALUES
  (11,"ARANDELA-REDONDAS",48.5,86.4,41),
  (12,"ARANDELA-REDONDAS",66.5,20.4,81),
  (13,"POMO-DE-HIERRO",25.5,26.4,85),
  (14,"CRISTAL-TEMPLADO",47.5,25.4,51),
  (15,"POMO-DE-HIERRO",76.5,37.4,54),
  (16,"ARANDELA-REDONDAS",92.5,80.4,99),
  (17,"BARRA-DE-HIERRO",38.5,88.4,64),
  (18,"CRISTAL-TEMPLADO",53.5,60.4,18),
  (19,"CRISTAL-TEMPLADO",53.5,40.4,78),
  (20,"MIRILLA",57.5,32.4,47);
INSERT INTO `MATERIALES` (`IDPROVEEDOR`,`TIPO`,`PRECIOUNITARIO`,`TAMANIO`,`STOCK`)
VALUES
  (21,"MIRILLA",25.5,88.4,21),
  (22,"POMO-DE-HIERRO",47.5,72.4,78),
  (23,"POMO-DE-HIERRO",67.5,77.4,30),
  (24,"BARRA-DE-HIERRO",48.5,56.4,39),
  (25,"ARANDELA-REDONDAS",53.5,54.4,67),
  (26,"CRISTAL-TEMPLADO",70.5,63.4,77),
  (27,"ARANDELA-REDONDAS",61.5,56.4,74),
  (28,"MIRILLA",12.5,37.4,93),
  (29,"CRISTAL-TEMPLADO",64.5,77.4,92),
  (30,"ARANDELA-REDONDAS",83.5,67.4,74);
INSERT INTO `MATERIALES` (`IDPROVEEDOR`,`TIPO`,`PRECIOUNITARIO`,`TAMANIO`,`STOCK`)
VALUES
  (31,"ARANDELA-REDONDAS",26.5,67.4,95),
  (32,"ARANDELA-REDONDAS",50.5,51.4,27),
  (33,"TORNILLO-20P",14.5,84.4,57),
  (34,"ARANDELA-REDONDAS",42.5,29.4,86),
  (35,"CRISTAL-TEMPLADO",26.5,30.4,90),
  (36,"TORNILLO-20P",81.5,87.4,41),
  (37,"BARRA-DE-HIERRO",82.5,50.4,49),
  (38,"MIRILLA",69.5,41.4,80),
  (39,"MIRILLA",38.5,61.4,56),
  (40,"MIRILLA",76.5,91.4,17);
INSERT INTO `MATERIALES` (`IDPROVEEDOR`,`TIPO`,`PRECIOUNITARIO`,`TAMANIO`,`STOCK`)
VALUES
  (41,"POMO-DE-HIERRO",92.5,88.4,34),
  (42,"MIRILLA",74.5,36.4,93),
  (43,"CRISTAL-TEMPLADO",57.5,43.4,42),
  (44,"BARRA-DE-HIERRO",36.5,25.4,44),
  (45,"ARANDELA-REDONDAS",48.5,73.4,49),
  (46,"ARANDELA-REDONDAS",81.5,75.4,20),
  (47,"MIRILLA",13.5,88.4,23),
  (48,"TORNILLO-20P",50.5,25.4,61),
  (49,"POMO-DE-HIERRO",55.5,46.4,95),
  (50,"CRISTAL-TEMPLADO",93.5,35.4,31);
INSERT INTO `MATERIALES` (`IDPROVEEDOR`,`TIPO`,`PRECIOUNITARIO`,`TAMANIO`,`STOCK`)
VALUES
  (51,"CRISTAL-TEMPLADO",98.5,89.4,37),
  (52,"POMO-DE-HIERRO",69.5,81.4,37),
  (53,"POMO-DE-HIERRO",35.5,72.4,22),
  (54,"CRISTAL-TEMPLADO",34.5,96.4,68),
  (55,"POMO-DE-HIERRO",23.5,43.4,32),
  (56,"CRISTAL-TEMPLADO",80.5,41.4,17),
  (57,"TORNILLO-20P",31.5,66.4,89),
  (58,"CRISTAL-TEMPLADO",56.5,93.4,92),
  (59,"ARANDELA-REDONDAS",41.5,70.4,92),
  (60,"POMO-DE-HIERRO",93.5,32.4,48);
INSERT INTO `MATERIALES` (`IDPROVEEDOR`,`TIPO`,`PRECIOUNITARIO`,`TAMANIO`,`STOCK`)
VALUES
  (61,"MIRILLA",66.5,98.4,50),
  (62,"POMO-DE-HIERRO",46.5,57.4,37),
  (63,"MIRILLA",89.5,83.4,72),
  (64,"POMO-DE-HIERRO",24.5,22.4,79),
  (65,"CRISTAL-TEMPLADO",99.5,43.4,50),
  (66,"MIRILLA",21.5,90.4,59),
  (67,"CRISTAL-TEMPLADO",10.5,53.4,46),
  (68,"MIRILLA",34.5,48.4,79),
  (69,"ARANDELA-REDONDAS",57.5,45.4,87),
  (70,"POMO-DE-HIERRO",45.5,54.4,75);
INSERT INTO `MATERIALES` (`IDPROVEEDOR`,`TIPO`,`PRECIOUNITARIO`,`TAMANIO`,`STOCK`)
VALUES
  (71,"POMO-DE-HIERRO",82.5,52.4,78),
  (72,"POMO-DE-HIERRO",75.5,88.4,73),
  (73,"CRISTAL-TEMPLADO",40.5,74.4,69),
  (74,"MIRILLA",67.5,98.4,15),
  (75,"BARRA-DE-HIERRO",92.5,89.4,53),
  (76,"CRISTAL-TEMPLADO",53.5,41.4,89),
  (77,"POMO-DE-HIERRO",22.5,64.4,82),
  (78,"CRISTAL-TEMPLADO",60.5,77.4,43),
  (79,"MIRILLA",92.5,48.4,64),
  (80,"MIRILLA",15.5,21.4,85);
INSERT INTO `MATERIALES` (`IDPROVEEDOR`,`TIPO`,`PRECIOUNITARIO`,`TAMANIO`,`STOCK`)
VALUES
  (81,"POMO-DE-HIERRO",54.5,89.4,35),
  (82,"MIRILLA",36.5,75.4,65),
  (83,"BARRA-DE-HIERRO",74.5,70.4,58),
  (84,"TORNILLO-20P",11.5,48.4,37),
  (85,"POMO-DE-HIERRO",36.5,59.4,89),
  (86,"CRISTAL-TEMPLADO",40.5,96.4,71),
  (87,"TORNILLO-20P",21.5,69.4,65),
  (88,"POMO-DE-HIERRO",69.5,66.4,42),
  (89,"CRISTAL-TEMPLADO",59.5,98.4,18),
  (90,"CRISTAL-TEMPLADO",56.5,79.4,66);
INSERT INTO `MATERIALES` (`IDPROVEEDOR`,`TIPO`,`PRECIOUNITARIO`,`TAMANIO`,`STOCK`)
VALUES
  (91,"MIRILLA",61.5,62.4,58),
  (92,"MIRILLA",88.5,45.4,77),
  (93,"POMO-DE-HIERRO",95.5,43.4,85),
  (94,"CRISTAL-TEMPLADO",20.5,67.4,20),
  (95,"CRISTAL-TEMPLADO",88.5,41.4,80),
  (96,"ARANDELA-REDONDAS",87.5,70.4,16),
  (97,"ARANDELA-REDONDAS",81.5,93.4,63),
  (98,"ARANDELA-REDONDAS",88.5,94.4,29),
  (99,"BARRA-DE-HIERRO",96.5,99.4,17),
  (100,"CRISTAL-TEMPLADO",12.5,66.4,94);
  INSERT INTO `ALMACENES` (`ESPACIOTOTAL`)
VALUES
  (6303.253),
  (6629.253),
  (9576.253),
  (2146.253),
  (4856.253),
  (7567.253),
  (2730.253),
  (7215.253),
  (5746.253),
  (6666.253);
INSERT INTO `ALMACENES` (`ESPACIOTOTAL`)
VALUES
  (3757.253),
  (3318.253),
  (6932.253),
  (3127.253),
  (8308.253),
  (2742.253),
  (8380.253),
  (3771.253),
  (5138.253),
  (3825.253);
INSERT INTO `ALMACENES` (`ESPACIOTOTAL`)
VALUES
  (5988.253),
  (6937.253),
  (6357.253),
  (5123.253),
  (9044.253),
  (9771.253),
  (3474.253),
  (7767.253),
  (7986.253),
  (3196.253);
INSERT INTO `ALMACENES` (`ESPACIOTOTAL`)
VALUES
  (2510.253),
  (1244.2530000000002),
  (2367.253),
  (9530.253),
  (9603.253),
  (5874.253),
  (3534.253),
  (2365.253),
  (8566.253),
  (1175.2530000000002);
INSERT INTO `ALMACENES` (`ESPACIOTOTAL`)
VALUES
  (7388.253),
  (8238.253),
  (4628.253),
  (3962.253),
  (6964.253),
  (4995.253),
  (4665.253),
  (2024.2530000000002),
  (3009.253),
  (2135.253);
INSERT INTO `ALMACENES` (`ESPACIOTOTAL`)
VALUES
  (9075.253),
  (3548.253),
  (2953.253),
  (7243.253),
  (3129.253),
  (5552.253),
  (8256.253),
  (2831.253),
  (1648.2530000000002),
  (8574.253);
INSERT INTO `ALMACENES` (`ESPACIOTOTAL`)
VALUES
  (2788.253),
  (9540.253),
  (9405.253),
  (3846.253),
  (4261.253),
  (8256.253),
  (6073.253),
  (8651.253),
  (4616.253),
  (6438.253);
INSERT INTO `ALMACENES` (`ESPACIOTOTAL`)
VALUES
  (6026.253),
  (9284.253),
  (1641.2530000000002),
  (3446.253),
  (6567.253),
  (8051.253),
  (4041.253),
  (4693.253),
  (7851.253),
  (4253.253);
INSERT INTO `ALMACENES` (`ESPACIOTOTAL`)
VALUES
  (2355.253),
  (3591.253),
  (6309.253),
  (1959.2530000000002),
  (5060.253),
  (3281.253),
  (7301.253),
  (6975.253),
  (4026.253),
  (2369.253);
INSERT INTO `ALMACENES` (`ESPACIOTOTAL`)
VALUES
  (9339.253),
  (4146.253),
  (1070.2530000000002),
  (9176.253),
  (3046.253),
  (6102.253),
  (4200.253),
  (4964.253),
  (5732.253),
  (5235.253);
  INSERT INTO `MATERIALESALMACENES` (`IDMATERIAL`,`IDALMACEN`)
VALUES
  (1,100),
  (2,99),
  (3,98),
  (4,97),
  (5,96),
  (6,95),
  (7,94),
  (8,93),
  (9,92),
  (10,91);
INSERT INTO `MATERIALESALMACENES` (`IDMATERIAL`,`IDALMACEN`)
VALUES
  (11,90),
  (12,89),
  (13,88),
  (14,87),
  (15,86),
  (16,85),
  (17,84),
  (18,83),
  (19,82),
  (20,81);
INSERT INTO `MATERIALESALMACENES` (`IDMATERIAL`,`IDALMACEN`)
VALUES
  (21,80),
  (22,79),
  (23,78),
  (24,77),
  (25,76),
  (26,75),
  (27,74),
  (28,73),
  (29,72),
  (30,71);
INSERT INTO `MATERIALESALMACENES` (`IDMATERIAL`,`IDALMACEN`)
VALUES
  (31,70),
  (32,69),
  (33,68),
  (34,67),
  (35,66),
  (36,65),
  (37,64),
  (38,63),
  (39,62),
  (40,61);
INSERT INTO `MATERIALESALMACENES` (`IDMATERIAL`,`IDALMACEN`)
VALUES
  (41,60),
  (42,59),
  (43,58),
  (44,57),
  (45,56),
  (46,55),
  (47,54),
  (48,53),
  (49,52),
  (50,51);
INSERT INTO `MATERIALESALMACENES` (`IDMATERIAL`,`IDALMACEN`)
VALUES
  (51,50),
  (52,49),
  (53,48),
  (54,47),
  (55,46),
  (56,45),
  (57,44),
  (58,43),
  (59,42),
  (60,41);
INSERT INTO `MATERIALESALMACENES` (`IDMATERIAL`,`IDALMACEN`)
VALUES
  (61,40),
  (62,39),
  (63,38),
  (64,37),
  (65,36),
  (66,35),
  (67,34),
  (68,33),
  (69,32),
  (70,31);
INSERT INTO `MATERIALESALMACENES` (`IDMATERIAL`,`IDALMACEN`)
VALUES
  (71,30),
  (72,29),
  (73,28),
  (74,27),
  (75,26),
  (76,25),
  (77,24),
  (78,23),
  (79,22),
  (80,21);
INSERT INTO `MATERIALESALMACENES` (`IDMATERIAL`,`IDALMACEN`)
VALUES
  (81,20),
  (82,19),
  (83,18),
  (84,17),
  (85,16),
  (86,15),
  (87,14),
  (88,13),
  (89,12),
  (90,11);
INSERT INTO `MATERIALESALMACENES` (`IDMATERIAL`,`IDALMACEN`)
VALUES
  (91,10),
  (92,9),
  (93,8),
  (94,7),
  (95,6),
  (96,5),
  (97,4),
  (98,3),
  (99,2),
  (100,1);

INSERT INTO `MATERIALESPUERTAS` (`IDMATERIAL`,`IDPUERTA`)
VALUES
  (1,100),
  (2,99),
  (3,98),
  (4,97),
  (5,96),
  (6,95),
  (7,94),
  (8,93),
  (9,92),
  (10,91);
INSERT INTO `MATERIALESPUERTAS` (`IDMATERIAL`,`IDPUERTA`)
VALUES
  (11,90),
  (12,89),
  (13,88),
  (14,87),
  (15,86),
  (16,85),
  (17,84),
  (18,83),
  (19,82),
  (20,81);
INSERT INTO `MATERIALESPUERTAS` (`IDMATERIAL`,`IDPUERTA`)
VALUES
  (21,80),
  (22,79),
  (23,78),
  (24,77),
  (25,76),
  (26,75),
  (27,74),
  (28,73),
  (29,72),
  (30,71);
INSERT INTO `MATERIALESPUERTAS` (`IDMATERIAL`,`IDPUERTA`)
VALUES
  (31,70),
  (32,69),
  (33,68),
  (34,67),
  (35,66),
  (36,65),
  (37,64),
  (38,63),
  (39,62),
  (40,61);
INSERT INTO `MATERIALESPUERTAS` (`IDMATERIAL`,`IDPUERTA`)
VALUES
  (41,60),
  (42,59),
  (43,58),
  (44,57),
  (45,56),
  (46,55),
  (47,54),
  (48,53),
  (49,52),
  (50,51);
INSERT INTO `MATERIALESPUERTAS` (`IDMATERIAL`,`IDPUERTA`)
VALUES
  (51,50),
  (52,49),
  (53,48),
  (54,47),
  (55,46),
  (56,45),
  (57,44),
  (58,43),
  (59,42),
  (60,41);
INSERT INTO `MATERIALESPUERTAS` (`IDMATERIAL`,`IDPUERTA`)
VALUES
  (61,40),
  (62,39),
  (63,38),
  (64,37),
  (65,36),
  (66,35),
  (67,34),
  (68,33),
  (69,32),
  (70,31);
INSERT INTO `MATERIALESPUERTAS` (`IDMATERIAL`,`IDPUERTA`)
VALUES
  (71,30),
  (72,29),
  (73,28),
  (74,27),
  (75,26),
  (76,25),
  (77,24),
  (78,23),
  (79,22),
  (80,21);
INSERT INTO `MATERIALESPUERTAS` (`IDMATERIAL`,`IDPUERTA`)
VALUES
  (81,20),
  (82,19),
  (83,18),
  (84,17),
  (85,16),
  (86,15),
  (87,14),
  (88,13),
  (89,12),
  (90,11);
INSERT INTO `MATERIALESPUERTAS` (`IDMATERIAL`,`IDPUERTA`)
VALUES
  (91,10),
  (92,9),
  (93,8),
  (94,7),
  (95,6),
  (96,5),
  (97,4),
  (98,3),
  (99,2),
  (100,1);
INSERT INTO `GARANTIAS` (`IDPUERTA`)
VALUES
  (1),
  (2),
  (3),
  (4),
  (5),
  (6),
  (7),
  (8),
  (9),
  (10);
INSERT INTO `GARANTIAS` (`IDPUERTA`)
VALUES
  (11),
  (12),
  (13),
  (14),
  (15),
  (16),
  (17),
  (18),
  (19),
  (20);
INSERT INTO `GARANTIAS` (`IDPUERTA`)
VALUES
  (21),
  (22),
  (23),
  (24),
  (25),
  (26),
  (27),
  (28),
  (29),
  (30);
INSERT INTO `GARANTIAS` (`IDPUERTA`)
VALUES
  (31),
  (32),
  (33),
  (34),
  (35),
  (36),
  (37),
  (38),
  (39),
  (40);
INSERT INTO `GARANTIAS` (`IDPUERTA`)
VALUES
  (41),
  (42),
  (43),
  (44),
  (45),
  (46),
  (47),
  (48),
  (49),
  (50);
INSERT INTO `GARANTIAS` (`IDPUERTA`)
VALUES
  (51),
  (52),
  (53),
  (54),
  (55),
  (56),
  (57),
  (58),
  (59),
  (60);
INSERT INTO `GARANTIAS` (`IDPUERTA`)
VALUES
  (61),
  (62),
  (63),
  (64),
  (65),
  (66),
  (67),
  (68),
  (69),
  (70);
INSERT INTO `GARANTIAS` (`IDPUERTA`)
VALUES
  (71),
  (72),
  (73),
  (74),
  (75),
  (76),
  (77),
  (78),
  (79),
  (80);
INSERT INTO `GARANTIAS` (`IDPUERTA`)
VALUES
  (81),
  (82),
  (83),
  (84),
  (85),
  (86),
  (87),
  (88),
  (89),
  (90);
INSERT INTO `GARANTIAS` (`IDPUERTA`)
VALUES
  (91),
  (92),
  (93),
  (94),
  (95),
  (96),
  (97),
  (98),
  (99),
  (100);
INSERT INTO `MANTENIMIENTOS` (`DESCRIPCION`,`FECHAFIN`)
VALUES
  ("Donec felis orci, adipiscing non, luctus sit amet, faucibus ut,","2022-02-12"),
  ("amet metus. Aliquam erat volutpat. Nulla facilisis. Suspendisse commodo tincidunt","2021-10-04"),
  ("sociis natoque penatibus et magnis dis parturient montes, nascetur ridiculus","2022-12-05"),
  ("dolor. Donec fringilla. Donec feugiat metus sit amet ante. Vivamus","2021-04-13"),
  ("dictum cursus. Nunc mauris elit, dictum eu, eleifend nec, malesuada","2022-07-24"),
  ("enim. Sed nulla ante, iaculis nec, eleifend non, dapibus rutrum,","2022-09-06"),
  ("congue a, aliquet vel, vulputate eu, odio. Phasellus at augue","2021-01-04"),
  ("at sem molestie sodales. Mauris blandit enim consequat purus. Maecenas","2022-06-16"),
  ("eu tempor erat neque non quam. Pellentesque habitant morbi tristique","2022-12-07"),
  ("a felis ullamcorper viverra. Maecenas iaculis aliquet diam. Sed diam","2022-02-12");
INSERT INTO `MANTENIMIENTOS` (`DESCRIPCION`,`FECHAFIN`)
VALUES
  ("semper, dui lectus rutrum urna, nec luctus felis purus ac","2022-10-16"),
  ("Nam ligula elit, pretium et, rutrum non, hendrerit id, ante.","2021-01-03"),
  ("Nulla eget metus eu erat semper rutrum. Fusce dolor quam,","2022-10-08"),
  ("Nullam enim. Sed nulla ante, iaculis nec, eleifend non, dapibus","2022-12-10"),
  ("Phasellus fermentum convallis ligula. Donec luctus aliquet odio. Etiam ligula","2021-03-09"),
  ("ut mi. Duis risus odio, auctor vitae, aliquet nec, imperdiet","2022-10-20"),
  ("egestas nunc sed libero. Proin sed turpis nec mauris blandit","2021-10-24"),
  ("aliquet lobortis, nisi nibh lacinia orci, consectetuer euismod est arcu","2022-05-28"),
  ("eu, eleifend nec, malesuada ut, sem. Nulla interdum. Curabitur dictum.","2022-09-18"),
  ("pede. Praesent eu dui. Cum sociis natoque penatibus et magnis","2022-04-28");
INSERT INTO `MANTENIMIENTOS` (`DESCRIPCION`,`FECHAFIN`)
VALUES
  ("nunc risus varius orci, in consequat enim diam vel arcu.","2022-10-13"),
  ("scelerisque sed, sapien. Nunc pulvinar arcu et pede. Nunc sed","2021-08-30"),
  ("ultrices iaculis odio. Nam interdum enim non nisi. Aenean eget","2022-06-13"),
  ("nulla. Integer urna. Vivamus molestie dapibus ligula. Aliquam erat volutpat.","2021-08-10"),
  ("vel nisl. Quisque fringilla euismod enim. Etiam gravida molestie arcu.","2022-05-26"),
  ("ante bibendum ullamcorper. Duis cursus, diam at pretium aliquet, metus","2022-04-24"),
  ("eget varius ultrices, mauris ipsum porta elit, a feugiat tellus","2021-04-24"),
  ("posuere cubilia Curae Phasellus ornare. Fusce mollis. Duis sit amet","2021-09-02"),
  ("amet lorem semper auctor. Mauris vel turpis. Aliquam adipiscing lobortis","2022-09-03"),
  ("tristique neque venenatis lacus. Etiam bibendum fermentum metus. Aenean sed","2022-10-24");
INSERT INTO `MANTENIMIENTOS` (`DESCRIPCION`,`FECHAFIN`)
VALUES
  ("accumsan convallis, ante lectus convallis est, vitae sodales nisi magna","2022-01-24"),
  ("cursus purus. Nullam scelerisque neque sed sem egestas blandit. Nam","2021-09-21"),
  ("nascetur ridiculus mus. Donec dignissim magna a tortor. Nunc commodo","2022-09-10"),
  ("Aliquam tincidunt, nunc ac mattis ornare, lectus ante dictum mi,","2021-07-20"),
  ("In ornare sagittis felis. Donec tempor, est ac mattis semper,","2022-10-04"),
  ("ac tellus. Suspendisse sed dolor. Fusce mi lorem, vehicula et,","2022-06-06"),
  ("dictum ultricies ligula. Nullam enim. Sed nulla ante, iaculis nec,","2022-09-08"),
  ("non, vestibulum nec, euismod in, dolor. Fusce feugiat. Lorem ipsum","2022-07-14"),
  ("tincidunt, neque vitae semper egestas, urna justo faucibus lectus, a","2021-03-12"),
  ("odio sagittis semper. Nam tempor diam dictum sapien. Aenean massa.","2022-01-02");
INSERT INTO `MANTENIMIENTOS` (`DESCRIPCION`,`FECHAFIN`)
VALUES
  ("laoreet posuere, enim nisl elementum purus, accumsan interdum libero dui","2022-11-06"),
  ("dui quis accumsan convallis, ante lectus convallis est, vitae sodales","2021-12-02"),
  ("nulla at sem molestie sodales. Mauris blandit enim consequat purus.","2022-10-22"),
  ("a, auctor non, feugiat nec, diam. Duis mi enim, condimentum","2022-09-12"),
  ("scelerisque, lorem ipsum sodales purus, in molestie tortor nibh sit","2021-04-19"),
  ("molestie pharetra nibh. Aliquam ornare, libero at auctor ullamcorper, nisl","2021-11-10"),
  ("nonummy ipsum non arcu. Vivamus sit amet risus. Donec egestas.","2022-06-12"),
  ("vitae dolor. Donec fringilla. Donec feugiat metus sit amet ante.","2021-09-24"),
  ("Pellentesque habitant morbi tristique senectus et netus et malesuada fames","2021-09-15"),
  ("Integer mollis. Integer tincidunt aliquam arcu. Aliquam ultrices iaculis odio.","2022-06-29");
INSERT INTO `MANTENIMIENTOS` (`DESCRIPCION`,`FECHAFIN`)
VALUES
  ("fermentum fermentum arcu. Vestibulum ante ipsum primis in faucibus orci","2021-02-03"),
  ("scelerisque dui. Suspendisse ac metus vitae velit egestas lacinia. Sed","2021-02-16"),
  ("nibh lacinia orci, consectetuer euismod est arcu ac orci. Ut","2021-02-22"),
  ("Curabitur ut odio vel est tempor bibendum. Donec felis orci,","2022-05-06"),
  ("tempor lorem, eget mollis lectus pede et risus. Quisque libero","2022-09-21"),
  ("vel quam dignissim pharetra. Nam ac nulla. In tincidunt congue","2021-12-20"),
  ("at, egestas a, scelerisque sed, sapien. Nunc pulvinar arcu et","2022-09-14"),
  ("Donec at arcu. Vestibulum ante ipsum primis in faucibus orci","2021-03-04"),
  ("blandit viverra. Donec tempus, lorem fringilla ornare placerat, orci lacus","2022-01-27"),
  ("iaculis aliquet diam. Sed diam lorem, auctor quis, tristique ac,","2021-05-10");
INSERT INTO `MANTENIMIENTOS` (`DESCRIPCION`,`FECHAFIN`)
VALUES
  ("arcu. Sed et libero. Proin mi. Aliquam gravida mauris ut","2022-02-04"),
  ("massa. Mauris vestibulum, neque sed dictum eleifend, nunc risus varius","2021-09-20"),
  ("risus. Quisque libero lacus, varius et, euismod et, commodo at,","2021-08-17"),
  ("pharetra. Nam ac nulla. In tincidunt congue turpis. In condimentum.","2021-01-26"),
  ("eu, placerat eget, venenatis a, magna. Lorem ipsum dolor sit","2022-06-17"),
  ("eu odio tristique pharetra. Quisque ac libero nec ligula consectetuer","2022-02-14"),
  ("sodales purus, in molestie tortor nibh sit amet orci. Ut","2021-09-15"),
  ("tristique senectus et netus et malesuada fames ac turpis egestas.","2022-05-31"),
  ("eu sem. Pellentesque ut ipsum ac mi eleifend egestas. Sed","2021-09-15"),
  ("in aliquet lobortis, nisi nibh lacinia orci, consectetuer euismod est","2021-10-25");
INSERT INTO `MANTENIMIENTOS` (`DESCRIPCION`,`FECHAFIN`)
VALUES
  ("dolor vitae dolor. Donec fringilla. Donec feugiat metus sit amet","2021-02-19"),
  ("amet, consectetuer adipiscing elit. Aliquam auctor, velit eget laoreet posuere,","2022-03-28"),
  ("diam vel arcu. Curabitur ut odio vel est tempor bibendum.","2021-05-22"),
  ("malesuada fringilla est. Mauris eu turpis. Nulla aliquet. Proin velit.","2022-09-02"),
  ("dolor, nonummy ac, feugiat non, lobortis quis, pede. Suspendisse dui.","2022-10-01"),
  ("ultricies ornare, elit elit fermentum risus, at fringilla purus mauris","2022-03-08"),
  ("Aliquam ultrices iaculis odio. Nam interdum enim non nisi. Aenean","2022-09-14"),
  ("Vivamus nisi. Mauris nulla. Integer urna. Vivamus molestie dapibus ligula.","2022-11-19"),
  ("vitae, orci. Phasellus dapibus quam quis diam. Pellentesque habitant morbi","2022-04-04"),
  ("ullamcorper eu, euismod ac, fermentum vel, mauris. Integer sem elit,","2022-02-17");
INSERT INTO `MANTENIMIENTOS` (`DESCRIPCION`,`FECHAFIN`)
VALUES
  ("Morbi sit amet massa. Quisque porttitor eros nec tellus. Nunc","2022-07-14"),
  ("posuere at, velit. Cras lorem lorem, luctus ut, pellentesque eget,","2022-07-16"),
  ("Quisque varius. Nam porttitor scelerisque neque. Nullam nisl. Maecenas malesuada","2022-11-23"),
  ("nec enim. Nunc ut erat. Sed nunc est, mollis non,","2021-01-25"),
  ("neque. Nullam ut nisi a odio semper cursus. Integer mollis.","2021-06-16"),
  ("Donec porttitor tellus non magna. Nam ligula elit, pretium et,","2022-03-26"),
  ("neque. Nullam ut nisi a odio semper cursus. Integer mollis.","2021-04-14"),
  ("Cras pellentesque. Sed dictum. Proin eget odio. Aliquam vulputate ullamcorper","2021-10-03"),
  ("risus. Nunc ac sem ut dolor dapibus gravida. Aliquam tincidunt,","2021-09-15"),
  ("ornare tortor at risus. Nunc ac sem ut dolor dapibus","2021-12-31");
INSERT INTO `MANTENIMIENTOS` (`DESCRIPCION`,`FECHAFIN`)
VALUES
  ("Nunc quis arcu vel quam dignissim pharetra. Nam ac nulla.","2022-01-10"),
  ("quis massa. Mauris vestibulum, neque sed dictum eleifend, nunc risus","2022-02-27"),
  ("Nulla facilisi. Sed neque. Sed eget lacus. Mauris non dui","2021-11-12"),
  ("vitae odio sagittis semper. Nam tempor diam dictum sapien. Aenean","2021-06-17"),
  ("imperdiet ornare. In faucibus. Morbi vehicula. Pellentesque tincidunt tempus risus.","2021-07-18"),
  ("ultricies ornare, elit elit fermentum risus, at fringilla purus mauris","2022-10-19"),
  ("urna justo faucibus lectus, a sollicitudin orci sem eget massa.","2022-02-15"),
  ("consequat enim diam vel arcu. Curabitur ut odio vel est","2021-10-09"),
  ("auctor. Mauris vel turpis. Aliquam adipiscing lobortis risus. In mi","2021-02-18"),
  ("id nunc interdum feugiat. Sed nec metus facilisis lorem tristique","2022-12-04");
  
INSERT INTO `FACTURAS` (`IDMANTENIMIENTO`)
VALUES
  (1),
  (2),
  (3),
  (4),
  (5),
  (6),
  (7),
  (8),
  (9),
  (10);
INSERT INTO `FACTURAS` (`IDMANTENIMIENTO`)
VALUES
  (11),
  (12),
  (13),
  (14),
  (15),
  (16),
  (17),
  (18),
  (19),
  (20);
INSERT INTO `FACTURAS` (`IDMANTENIMIENTO`)
VALUES
  (21),
  (22),
  (23),
  (24),
  (25),
  (26),
  (27),
  (28),
  (29),
  (30);
INSERT INTO `FACTURAS` (`IDMANTENIMIENTO`)
VALUES
  (31),
  (32),
  (33),
  (34),
  (35),
  (36),
  (37),
  (38),
  (39),
  (40);
INSERT INTO `FACTURAS` (`IDMANTENIMIENTO`)
VALUES
  (41),
  (42),
  (43),
  (44),
  (45),
  (46),
  (47),
  (48),
  (49),
  (50);
INSERT INTO `FACTURAS` (`IDMANTENIMIENTO`)
VALUES
  (51),
  (52),
  (53),
  (54),
  (55),
  (56),
  (57),
  (58),
  (59),
  (60);
INSERT INTO `FACTURAS` (`IDMANTENIMIENTO`)
VALUES
  (61),
  (62),
  (63),
  (64),
  (65),
  (66),
  (67),
  (68),
  (69),
  (70);
INSERT INTO `FACTURAS` (`IDMANTENIMIENTO`)
VALUES
  (71),
  (72),
  (73),
  (74),
  (75),
  (76),
  (77),
  (78),
  (79),
  (80);
INSERT INTO `FACTURAS` (`IDMANTENIMIENTO`)
VALUES
  (81),
  (82),
  (83),
  (84),
  (85),
  (86),
  (87),
  (88),
  (89),
  (90);
INSERT INTO `FACTURAS` (`IDMANTENIMIENTO`)
VALUES
  (91),
  (92),
  (93),
  (94),
  (95),
  (96),
  (97),
  (98),
  (99),
  (100);
  INSERT INTO `TELEFONOS` (`NUMTELF`,`IDCLIENTE`,`IDPROVEEDOR`,`ALIAS`)
VALUES
  (91370702193,1,NULL,"Hunter"),
  (55918254599,2,NULL,"Koch"),
  (74254298891,3,NULL,"Medina"),
  (10583712433,4,NULL,"Dodson"),
  (19212997205,5,NULL,"Cooke"),
  (52948172848,6,NULL,"Burnett"),
  (82793539304,7,NULL,"Fernandez"),
  (10554382636,8,NULL,"Conner"),
  (46559055283,9,NULL,"Church"),
  (16180199962,10,NULL,"Ross");
INSERT INTO `TELEFONOS` (`NUMTELF`,`IDCLIENTE`,`IDPROVEEDOR`,`ALIAS`)
VALUES
  (99621677396,NULL,11,"Guzman"),
  (28125148928,NULL,12,"Mcleod"),
  (27892382980,NULL,13,"Poole"),
  (57078702111,NULL,14,"Pacheco"),
  (71543732817,NULL,15,"Mcpherson"),
  (69239278287,NULL,16,"Barlow"),
  (30532287660,NULL,17,"Grant"),
  (80638044530,NULL,18,"Clarke"),
  (79392005259,NULL,19,"Davidson"),
  (88110004097,NULL,20,"Bender");
INSERT INTO `TELEFONOS` (`NUMTELF`,`IDCLIENTE`,`IDPROVEEDOR`,`ALIAS`)
VALUES
  (73541523047,21,NULL,"Lindsay"),
  (72449257395,22,NULL,"Lyons"),
  (76329109989,23,NULL,"Short"),
  (31094465886,24,NULL,"Beck"),
  (25230067213,25,25,"Sellers"),
  (79968294589,26,NULL,"Pratt"),
  (27242048494,27,NULL,"Anderson"),
  (98822327952,28,NULL,"Bauer"),
  (55712261695,29,NULL,"House"),
  (24542740762,30,NULL,"Cooke");
INSERT INTO `TELEFONOS` (`NUMTELF`,`IDCLIENTE`,`IDPROVEEDOR`,`ALIAS`)
VALUES
  (36657440536,NULL,31,"Brown"),
  (79880470769,NULL,32,"Watkins"),
  (41538727017,NULL,33,"Hall"),
  (92583965107,NULL,34,"Velasquez"),
  (41545769557,NULL,35,"Eaton"),
  (62300388115,NULL,36,"Levine"),
  (45219856896,NULL,37,"Bird"),
  (17534312646,NULL,38,"Stevens"),
  (31454756704,NULL,39,"Avery"),
  (89334032392,NULL,40,"Blanchard");
INSERT INTO `TELEFONOS` (`NUMTELF`,`IDCLIENTE`,`IDPROVEEDOR`,`ALIAS`)
VALUES
  (31774864975,41,NULL,"Hester"),
  (74806297894,42,NULL,"Wolf"),
  (54634259793,43,NULL,"Higgins"),
  (21248051431,44,NULL,"Klein"),
  (57634023718,45,NULL,"Cooke"),
  (61514091471,46,NULL,"Banks"),
  (48177763986,47,NULL,"Mcleod"),
  (86168509910,48,NULL,"Hahn"),
  (62497738741,49,NULL,"Nash"),
  (23991298995,50,NULL,"Franklin");
INSERT INTO `TELEFONOS` (`NUMTELF`,`IDCLIENTE`,`IDPROVEEDOR`,`ALIAS`)
VALUES
  (79516910268,NULL,51,"Mccray"),
  (58602795943,NULL,52,"Patrick"),
  (73311350735,NULL,53,"Hays"),
  (69267976356,NULL,54,"Randolph"),
  (94228304187,NULL,55,"Reese"),
  (24609086318,NULL,56,"Fuentes"),
  (24098316880,NULL,57,"Riley"),
  (71055344123,NULL,58,"Guerra"),
  (67859199430,NULL,59,"Long"),
  (18211072176,NULL,60,"Doyle");
INSERT INTO `TELEFONOS` (`NUMTELF`,`IDCLIENTE`,`IDPROVEEDOR`,`ALIAS`)
VALUES
  (64787614745,61,NULL,"Mcfarland"),
  (89020829807,62,NULL,"Pierce"),
  (27913116533,63,NULL,"Fitzgerald"),
  (82960184987,64,NULL,"Cote"),
  (61524759914,65,NULL,"Ryan"),
  (74235491365,66,NULL,"Daniel"),
  (39459482463,67,NULL,"Alvarez"),
  (87419747345,68,NULL,"Woods"),
  (93010644902,69,NULL,"Beasley"),
  (12853433095,70,NULL,"Long");
INSERT INTO `TELEFONOS` (`NUMTELF`,`IDCLIENTE`,`IDPROVEEDOR`,`ALIAS`)
VALUES
  (66958882030,NULL,71,"Martinez"),
  (82910744907,NULL,72,"Graves"),
  (30579477303,NULL,73,"Mcgowan"),
  (60019513902,NULL,74,"Stout"),
  (76447717065,NULL,75,"Workman"),
  (30992268671,NULL,76,"Glover"),
  (95516944793,NULL,77,"Albert"),
  (92530406555,NULL,78,"Shepherd"),
  (44230572588,NULL,79,"Oliver"),
  (95806309982,NULL,80,"Beard");
INSERT INTO `TELEFONOS` (`NUMTELF`,`IDCLIENTE`,`IDPROVEEDOR`,`ALIAS`)
VALUES
  (97605949776,81,NULL,"Kramer"),
  (23217355371,82,NULL,"Hart"),
  (74413454602,83,NULL,"Barnes"),
  (59264876444,84,NULL,"Medina"),
  (84386213496,85,NULL,"Puckett"),
  (65042974460,86,NULL,"Hart"),
  (96680684298,87,NULL,"Ramirez"),
  (26054493845,88,NULL,"Lambert"),
  (16272296112,89,NULL,"Koch"),
  (26455322579,90,NULL,"Sweet");
INSERT INTO `TELEFONOS` (`NUMTELF`,`IDCLIENTE`,`IDPROVEEDOR`,`ALIAS`)
VALUES
  (49501558367,NULL,91,"Baird"),
  (42458100480,NULL,92,"Wagner"),
  (85949787892,NULL,93,"Rodriquez"),
  (74637522846,NULL,94,"Gallagher"),
  (60474309191,NULL,95,"Edwards"),
  (57341276762,NULL,96,"Fowler"),
  (21309151098,NULL,97,"Woodard"),
  (70019383480,NULL,98,"Grimes"),
  (76869262500,NULL,99,"Golden"),
  (41428858376,NULL,100,"Meadows");
  INSERT INTO `EMPLEADOS` (`NOMBRE`,`APELLIDOS`,`EMPLEADO`,`TELEFONO`)
VALUES
  ("George","Mitchell","TECNICO",90907849811),
  ("Micah","Skinner","TECNICO",61844532210),
  ("Lila","Mcdaniel","TECNICO",80184995779),
  ("Honorato","Mclaughlin","TECNICO",55409877611),
  ("Nichole","Miles","TECNICO",78763068523),
  ("Aaron","Moody","TECNICO",25196099729),
  ("Germaine","Decker","TECNICO",41224620212),
  ("Maite","Carroll","TECNICO",10193949662),
  ("Dominique","Hutchinson","TECNICO",35977776212),
  ("Allistair","Leblanc","TECNICO",76562333188);
INSERT INTO `EMPLEADOS` (`NOMBRE`,`APELLIDOS`,`EMPLEADO`,`TELEFONO`)
VALUES
  ("Alec","Ferrell","TECNICO",56153933462),
  ("Sylvia","Bentley","TECNICO",85673934821),
  ("Walter","West","TECNICO",92174057299),
  ("Emi","Padilla","TECNICO",25741099331),
  ("Hu","Garza","TECNICO",49480071408),
  ("Ryan","Franklin","TECNICO",32923490581),
  ("Christine","Stark","TECNICO",18332025983),
  ("Risa","Schneider","TECNICO",42800209943),
  ("Tyler","Chen","TECNICO",16427969968),
  ("Nash","Fitzpatrick","TECNICO",21515459931);
INSERT INTO `EMPLEADOS` (`NOMBRE`,`APELLIDOS`,`EMPLEADO`,`TELEFONO`)
VALUES
  ("Lucian","Christian","TECNICO",16129320456),
  ("Ainsley","Andrews","TECNICO",24909634998),
  ("Joel","Larson","TECNICO",16146076288),
  ("Brooke","Rhodes","TECNICO",85828821506),
  ("Jared","Tanner","TECNICO",611145109717),
  ("Robert","Malone","TECNICO",43442145323),
  ("Ila","Page","TECNICO",37746238141),
  ("Tanya","Murphy","TECNICO",36716454095),
  ("Nadine","Estes","TECNICO",46798776153),
  ("Felicia","Merrill","TECNICO",15499000835);
INSERT INTO `EMPLEADOS` (`NOMBRE`,`APELLIDOS`,`EMPLEADO`,`TELEFONO`)
VALUES
  ("Eliana","Barber","TECNICO",24689832890),
  ("Britanney","Booth","TECNICO",81370618396),
  ("Joel","Powers","TECNICO",45846209150),
  ("Chanda","Faulkner","TECNICO",15486727726),
  ("Myles","Kirk","TECNICO",43416264723),
  ("Norman","Klein","TECNICO",31563734622),
  ("Knox","Santos","TECNICO",42022613294),
  ("Lamar","Browning","TECNICO",79879956831),
  ("Lars","Boone","TECNICO",21612405943),
  ("Evan","Melendez","TECNICO",65845396975);
INSERT INTO `EMPLEADOS` (`NOMBRE`,`APELLIDOS`,`EMPLEADO`,`TELEFONO`)
VALUES
  ("Robert","Kidd","TECNICO",44346906331),
  ("Cally","Bernard","TECNICO",12530630027),
  ("Orson","Fernandez","TECNICO",39620315405),
  ("Lionel","Justice","TECNICO",77963947825),
  ("Linus","Barton","TECNICO",19897977111),
  ("Giselle","Keller","TECNICO",53576725279),
  ("Bryar","Salinas","TECNICO",35501859361),
  ("George","Adams","TECNICO",67860067044),
  ("Sydnee","Herring","TECNICO",32387783574),
  ("Nell","Brewer","TECNICO",66163893326);
INSERT INTO `EMPLEADOS` (`NOMBRE`,`APELLIDOS`,`EMPLEADO`,`TELEFONO`)
VALUES
  ("Calvin","Cantrell","TECNICO",28434311900),
  ("Echo","Davidson","TECNICO",27886040991),
  ("Brendan","Middleton","TECNICO",87316499997),
  ("Jermaine","Pena","TECNICO",15710927770),
  ("Iola","Mcintyre","TECNICO",51400212261),
  ("Dai","Skinner","TECNICO",95132024009),
  ("Paul","Church","TECNICO",58754644365),
  ("Laurel","Frank","TECNICO",70516642372),
  ("Mechelle","Pacheco","TECNICO",29332044257),
  ("Margaret","Chapman","TECNICO",28681046677);
INSERT INTO `EMPLEADOS` (`NOMBRE`,`APELLIDOS`,`EMPLEADO`,`TELEFONO`)
VALUES
  ("Rudyard","Moses","TECNICO",50197747610),
  ("Mason","England","TECNICO",66224582001),
  ("Lacota","Bass","TECNICO",32712162886),
  ("Kaseem","Ramirez","TECNICO",31983469269),
  ("Lane","Hull","TECNICO",92557382941),
  ("Malik","Bowen","TECNICO",55425721255),
  ("Jolie","Fulton","TECNICO",65068702986),
  ("Shannon","Phillips","TECNICO",61063257363),
  ("Signe","Blankenship","TECNICO",85347875735),
  ("Camille","Grant","TECNICO",57139588596);
INSERT INTO `EMPLEADOS` (`NOMBRE`,`APELLIDOS`,`EMPLEADO`,`TELEFONO`)
VALUES
  ("Ronan","Snyder","TECNICO",83045412973),
  ("James","Justice","TECNICO",31017972715),
  ("Felix","Franklin","TECNICO",60289270947),
  ("Quynn","Ellison","TECNICO",23439313206),
  ("Acton","Morris","TECNICO",85160839249),
  ("Yvette","Carpenter","TECNICO",57008661844),
  ("Hop","Conner","TECNICO",70070808220),
  ("Cleo","Chen","TECNICO",75547300700),
  ("Orlando","Webb","TECNICO",13055785215),
  ("Chadwick","Cherry","TECNICO",20363109887);
INSERT INTO `EMPLEADOS` (`NOMBRE`,`APELLIDOS`,`EMPLEADO`,`TELEFONO`)
VALUES
  ("Harding","Higgins","TECNICO",40717345304),
  ("Noelle","Ryan","TECNICO",80045379257),
  ("Brody","Allen","TECNICO",30509177624),
  ("Kellie","Dillon","TECNICO",13974444415),
  ("Lynn","Holden","TECNICO",43556076401),
  ("Daniel","Yang","TECNICO",63356036146),
  ("Burke","Osborne","TECNICO",43222436206),
  ("Stephen","Gilmore","TECNICO",27922433267),
  ("Connor","Mcbride","TECNICO",41849056860),
  ("Freya","Sparks","TECNICO",44720090546);
INSERT INTO `EMPLEADOS` (`NOMBRE`,`APELLIDOS`,`EMPLEADO`,`TELEFONO`)
VALUES
  ("Vera","Holcomb","TECNICO",61038573868),
  ("Ora","Rodriguez","TECNICO",13149682110),
  ("Josiah","Webster","TECNICO",12401832277),
  ("Leonard","Guerrero","TECNICO",24537223412),
  ("Yuli","Casey","TECNICO",63188135410),
  ("Venus","Berry","TECNICO",94414639904),
  ("Solomon","Dyer","TECNICO",35082300175),
  ("Justine","Carrillo","TECNICO",44900053699),
  ("Keith","Mccullough","TECNICO",77801369810),
  ("Ian","Maldonado","TECNICO",34756369455);

INSERT INTO `PUERTASEMPLEADOS` (`IDEMPLEADO`,`IDPUERTA`)
VALUES
  (1,100),
  (2,99),
  (3,98),
  (4,97),
  (5,96),
  (6,95),
  (7,94),
  (8,93),
  (9,92),
  (10,91);
INSERT INTO `PUERTASEMPLEADOS` (`IDEMPLEADO`,`IDPUERTA`)
VALUES
  (11,90),
  (12,89),
  (13,88),
  (14,87),
  (15,86),
  (16,85),
  (17,84),
  (18,83),
  (19,82),
  (20,81);
INSERT INTO `PUERTASEMPLEADOS` (`IDEMPLEADO`,`IDPUERTA`)
VALUES
  (21,80),
  (22,79),
  (23,78),
  (24,77),
  
  (25,76),
  (26,75),
  (27,74),
  (28,73),
  (29,72),
  (30,71);
INSERT INTO `PUERTASEMPLEADOS` (`IDEMPLEADO`,`IDPUERTA`)
VALUES
  (31,70),
  (32,69),
  (33,68),
  (34,67),
  (35,66),
  (36,65),
  (37,64),
  (38,63),
  (39,62),
  (40,61);
INSERT INTO `PUERTASEMPLEADOS` (`IDEMPLEADO`,`IDPUERTA`)
VALUES
  (41,60),
  (42,59),
  (43,58),
  (44,57),
  (45,56),
  (46,55),
  (47,54),
  (48,53),
  (49,52),
  (50,51);
INSERT INTO `PUERTASEMPLEADOS` (`IDEMPLEADO`,`IDPUERTA`)
VALUES
  (51,50),
  (52,49),
  (53,48),
  (54,47),
  (55,46),
  (56,45),
  (57,44),
  (58,43),
  (59,42),
  (60,41);
INSERT INTO `PUERTASEMPLEADOS` (`IDEMPLEADO`,`IDPUERTA`)
VALUES
  (61,40),
  (62,39),
  (63,38),
  (64,37),
  (65,36),
  (66,35),
  (67,34),
  (68,33),
  (69,32),
  (70,31);
INSERT INTO `PUERTASEMPLEADOS` (`IDEMPLEADO`,`IDPUERTA`)
VALUES
  (71,30),
  (72,29),
  (73,28),
  (74,27),
  (75,26),
  (76,25),
  (77,24),
  (78,23),
  (79,22),
  (80,21);
INSERT INTO `PUERTASEMPLEADOS` (`IDEMPLEADO`,`IDPUERTA`)
VALUES
  (81,20),
  (82,19),
  (83,18),
  (84,17),
  (85,16),
  (86,15),
  (87,14),
  (88,13),
  (89,12),
  (90,11);
INSERT INTO `PUERTASEMPLEADOS` (`IDEMPLEADO`,`IDPUERTA`)
VALUES
  (91,10),
  (92,9),
  (93,8),
  (94,7),
  (95,6),
  (96,5),
  (97,4),
  (98,3),
  (99,2),
  (100,1);
INSERT INTO `MANTENIMIENTOSEMPLEADOS` (`IDMANTENIMIENTO`,`IDEMPLEADO`)
VALUES
  (1,100),
  (2,99),
  (3,98),
  (4,97),
  (5,96),
  (6,95),
  (7,94),
  (8,93),
  (9,92),
  (10,91);
INSERT INTO `MANTENIMIENTOSEMPLEADOS` (`IDMANTENIMIENTO`,`IDEMPLEADO`)
VALUES
  (11,90),
  (12,89),
  (13,88),
  (14,87),
  (15,86),
  (16,85),
  (17,84),
  (18,83),
  (19,82),
  (20,81);
INSERT INTO `MANTENIMIENTOSEMPLEADOS` (`IDMANTENIMIENTO`,`IDEMPLEADO`)
VALUES
  (21,80),
  (22,79),
  (23,78),
  (24,77),
  (25,76),
  (26,75),
  (27,74),
  (28,73),
  (29,72),
  (30,71);
INSERT INTO `MANTENIMIENTOSEMPLEADOS` (`IDMANTENIMIENTO`,`IDEMPLEADO`)
VALUES
  (31,70),
  (32,69),
  (33,68),
  (34,67),
  (35,66),
  (36,65),
  (37,64),
  (38,63),
  (39,62),
  (40,61);
INSERT INTO `MANTENIMIENTOSEMPLEADOS` (`IDMANTENIMIENTO`,`IDEMPLEADO`)
VALUES
  (41,60),
  (42,59),
  (43,58),
  (44,57),
  (45,56),
  (46,55),
  (47,54),
  (48,53),
  (49,52),
  (50,51);
INSERT INTO `MANTENIMIENTOSEMPLEADOS` (`IDMANTENIMIENTO`,`IDEMPLEADO`)
VALUES
  (51,50),
  (52,49),
  (53,48),
  (54,47),
  (55,46),
  (56,45),
  (57,44),
  (58,43),
  (59,42),
  (60,41);
INSERT INTO `MANTENIMIENTOSEMPLEADOS` (`IDMANTENIMIENTO`,`IDEMPLEADO`)
VALUES
  (61,40),
  (62,39),
  (63,38),
  (64,37),
  (65,36),
  (66,35),
  (67,34),
  (68,33),
  (69,32),
  (70,31);
INSERT INTO `MANTENIMIENTOSEMPLEADOS` (`IDMANTENIMIENTO`,`IDEMPLEADO`)
VALUES
  (71,30),
  (72,29),
  (73,28),
  (74,27),
  (75,26),
  (76,25),
  (77,24),
  (78,23),
  (79,22),
  (80,21);
INSERT INTO `MANTENIMIENTOSEMPLEADOS` (`IDMANTENIMIENTO`,`IDEMPLEADO`)
VALUES
  (81,20),
  (82,19),
  (83,18),
  (84,17),
  (85,16),
  (86,15),
  (87,14),
  (88,13),
  (89,12),
  (90,11);
INSERT INTO `MANTENIMIENTOSEMPLEADOS` (`IDMANTENIMIENTO`,`IDEMPLEADO`)
VALUES
  (91,10),
  (92,9),
  (93,8),
  (94,7),
  (95,6),
  (96,5),
  (97,4),
  (98,3),
  (99,2),
  (100,1);
